<?xml version="1.0" encoding="UTF-8" standalone="yes"?>
<applications xmlns="http://documentation.bonitasoft.com/application-xml-schema/1.0">
    <application token="tahiti" version="1.1.0" profile="User" homePage="index" state="ACTIVATED" layout="custompage_defaultlayout" theme="custompage_bootstrapdefaulttheme">
        <displayName>Tahiti Vacation Management</displayName>
        <description></description>
        <iconPath></iconPath>
        <applicationPages>
            <applicationPage customPage="custompage_ExampleVacationManagement" token="index"/>
        </applicationPages>
    </application>
</applications>
